{
  "index": "/index.html",
  "assetGroups": [{
    "name": "app",
    "installMode": "prefetch",
    "resources": {
      "files": [
        "/favicon.ico",
        "/index.html",
        "/**/*.css",
        "/*.scss",
        "/*.js"      ]
    }
  }, {
    "name": "assets",
    "installMode": "lazy",
    "updateMode": "prefetch",
    "resources": {
      "files": [
        "/assets/**"
      ]
    }
  }],
  "dataGroups" : [{
    "name": "posts",
    "urls":[
      "https://cdnjs.cloudflare.com/ajax/libs/wow/1.1.2/wow.min.js"
    ],
    "cacheConfig": {
      "strategy": "freshness",
      "maxSize": 1000,
      "maxAge": "3d",
      "optimizeFor": "freshness",
      "maxAgeMs": 360000000,                     
      "maxEntries": 1                
     
    }
  }]
}
